density,filter,ksize,psnr_db,ssim,seconds
0.1,median_best_fixed,3,29.5121,0.857858,
0.1,adaptive,7,33.2814,0.943171,0.199
0.1,adaptive,11,33.2815,0.943178,0.197
0.3,median_best_fixed,5,26.5841,0.778274,
0.3,adaptive,7,30.3137,0.919298,0.164
0.3,adaptive,11,30.318,0.919302,0.164
0.5,median_best_fixed,7,24.4594,0.720928,
0.5,adaptive,7,27.1646,0.866769,0.182
0.5,adaptive,11,27.2768,0.867616,0.183
0.6,median_best_fixed,9,23.3097,0.684735,
0.6,adaptive,7,25.2334,0.820443,0.216
0.6,adaptive,11,25.9141,0.833368,0.223
0.7,median_best_fixed,11,21.9029,0.646976,
0.7,adaptive,7,20.757,0.692562,0.284
0.7,adaptive,11,24.3944,0.785643,0.3
