experiment,method,ksize,height,width,channels,pixels,repeats,time_min_s,time_median_s,ns_per_pixel
color,naive,5,256,256,1,65536,3,0.05797224999696482,0.058208375005051494,888.1893158729781
color,huang,5,256,256,1,65536,3,0.036522042006254196,0.03698724998685066,564.3806455513101
color,numpy,5,256,256,1,65536,52,0.009548874993924983,0.009785312497115228,149.3120193041264
color,opencv_1t,5,256,256,1,65536,200,7.56250083213672e-05,7.716599793639034e-05,1.1774596853086905
color,opencv,5,256,256,1,65536,200,2.8624999686144292e-05,8.139599958667532e-05,1.2420043882244158
color,naive,5,256,256,3,65536,3,0.17585829099698458,0.17591049999464303,2684.1812132971654
color,huang,5,256,256,3,65536,3,0.10943041699647438,0.11011054199479986,1680.153533856199
color,numpy,5,256,256,3,65536,18,0.028635833004955202,0.02890506249241298,441.0562514101102
color,opencv_1t,5,256,256,3,65536,200,0.00022004199854563922,0.00022033300047041848,3.362014777685829
color,opencv,5,256,256,3,65536,200,4.8999994760379195e-05,6.297900108620524e-05,0.9609832929413642
color,naive,15,256,256,1,65536,3,0.6156814169953577,0.6167310419987189,9410.56887815428
color,huang,15,256,256,1,65536,3,0.06866829100181349,0.06872162499348633,1048.6087798078358
color,numpy,15,256,256,1,65536,8,0.06349241599673405,0.06365345800440991,971.274688787993
color,opencv_1t,15,256,256,1,65536,200,0.0008540829876437783,0.0008640835003461689,13.184867864168837
color,opencv,15,256,256,1,65536,200,0.000872499993420206,0.0009029375069076195,13.777732954523003
color,naive,15,256,256,3,65536,3,1.8634268340101698,1.8866711250011576,28788.316726702233
color,huang,15,256,256,3,65536,3,0.2085064999992028,0.20855641600792296,3182.3183594958946
color,numpy,15,256,256,3,65536,7,0.19556883300538175,0.195961791992886,2990.139648328949
color,opencv_1t,15,256,256,3,65536,161,0.0028878329903818667,0.002941167011158541,44.87864702085176
color,opencv,15,256,256,3,65536,177,0.0026022919919341803,0.002770749997580424,42.278289758002074
