image,shape,method,ksize,max_abs_diff,diff_share
camera,512x512,naive,1,0,0.0
camera,512x512,naive,3,0,0.0
camera,512x512,naive,5,0,0.0
camera,512x512,naive,7,0,0.0
camera,512x512,naive,9,0,0.0
camera,512x512,naive,15,0,0.0
camera,512x512,naive,21,0,0.0
camera,512x512,naive,31,0,0.0
camera,512x512,huang,1,0,0.0
camera,512x512,huang,3,0,0.0
camera,512x512,huang,5,0,0.0
camera,512x512,huang,7,0,0.0
camera,512x512,huang,9,0,0.0
camera,512x512,huang,15,0,0.0
camera,512x512,huang,21,0,0.0
camera,512x512,huang,31,0,0.0
camera,512x512,numpy,1,0,0.0
camera,512x512,numpy,3,0,0.0
camera,512x512,numpy,5,0,0.0
camera,512x512,numpy,7,0,0.0
camera,512x512,numpy,9,0,0.0
camera,512x512,numpy,15,0,0.0
camera,512x512,numpy,21,0,0.0
camera,512x512,numpy,31,0,0.0
astronaut,512x512x3,naive,1,0,0.0
astronaut,512x512x3,naive,3,0,0.0
astronaut,512x512x3,naive,5,0,0.0
astronaut,512x512x3,naive,7,0,0.0
astronaut,512x512x3,naive,9,0,0.0
astronaut,512x512x3,naive,15,0,0.0
astronaut,512x512x3,naive,21,0,0.0
astronaut,512x512x3,naive,31,0,0.0
astronaut,512x512x3,huang,1,0,0.0
astronaut,512x512x3,huang,3,0,0.0
astronaut,512x512x3,huang,5,0,0.0
astronaut,512x512x3,huang,7,0,0.0
astronaut,512x512x3,huang,9,0,0.0
astronaut,512x512x3,huang,15,0,0.0
astronaut,512x512x3,huang,21,0,0.0
astronaut,512x512x3,huang,31,0,0.0
astronaut,512x512x3,numpy,1,0,0.0
astronaut,512x512x3,numpy,3,0,0.0
astronaut,512x512x3,numpy,5,0,0.0
astronaut,512x512x3,numpy,7,0,0.0
astronaut,512x512x3,numpy,9,0,0.0
astronaut,512x512x3,numpy,15,0,0.0
astronaut,512x512x3,numpy,21,0,0.0
astronaut,512x512x3,numpy,31,0,0.0
coffee,400x600x3,naive,1,0,0.0
coffee,400x600x3,naive,3,0,0.0
coffee,400x600x3,naive,5,0,0.0
coffee,400x600x3,naive,7,0,0.0
coffee,400x600x3,naive,9,0,0.0
coffee,400x600x3,naive,15,0,0.0
coffee,400x600x3,naive,21,0,0.0
coffee,400x600x3,naive,31,0,0.0
coffee,400x600x3,huang,1,0,0.0
coffee,400x600x3,huang,3,0,0.0
coffee,400x600x3,huang,5,0,0.0
coffee,400x600x3,huang,7,0,0.0
coffee,400x600x3,huang,9,0,0.0
coffee,400x600x3,huang,15,0,0.0
coffee,400x600x3,huang,21,0,0.0
coffee,400x600x3,huang,31,0,0.0
coffee,400x600x3,numpy,1,0,0.0
coffee,400x600x3,numpy,3,0,0.0
coffee,400x600x3,numpy,5,0,0.0
coffee,400x600x3,numpy,7,0,0.0
coffee,400x600x3,numpy,9,0,0.0
coffee,400x600x3,numpy,15,0,0.0
coffee,400x600x3,numpy,21,0,0.0
coffee,400x600x3,numpy,31,0,0.0
random,7x5,naive,1,0,0.0
random,7x5,naive,3,0,0.0
random,7x5,naive,5,0,0.0
random,7x5,naive,7,0,0.0
random,7x5,naive,9,0,0.0
random,7x5,naive,15,0,0.0
random,7x5,naive,21,0,0.0
random,7x5,naive,31,0,0.0
random,7x5,huang,1,0,0.0
random,7x5,huang,3,0,0.0
random,7x5,huang,5,0,0.0
random,7x5,huang,7,0,0.0
random,7x5,huang,9,0,0.0
random,7x5,huang,15,0,0.0
random,7x5,huang,21,0,0.0
random,7x5,huang,31,0,0.0
random,7x5,numpy,1,0,0.0
random,7x5,numpy,3,0,0.0
random,7x5,numpy,5,0,0.0
random,7x5,numpy,7,0,0.0
random,7x5,numpy,9,0,0.0
random,7x5,numpy,15,0,0.0
random,7x5,numpy,21,0,0.0
random,7x5,numpy,31,0,0.0
