density,filter,ksize,psnr_db,ssim
0.05,noisy,,17.8472,0.362141
0.05,median,3,30.14,0.864169
0.05,median,5,27.8687,0.796207
0.05,median,7,26.2574,0.749797
0.05,median,9,24.7807,0.712877
0.05,median,11,23.697,0.685929
0.05,gaussian,3,24.8579,0.518213
0.05,gaussian,5,25.7719,0.573426
0.05,gaussian,7,25.7653,0.62308
0.05,box,3,24.9671,0.508193
0.05,box,5,25.1829,0.587219
0.05,box,7,24.3208,0.616794
0.1,noisy,,14.8076,0.192984
0.1,median,3,29.5121,0.857858
0.1,median,5,27.6821,0.794092
0.1,median,7,26.1754,0.748728
0.1,median,9,24.7806,0.712383
0.1,median,11,23.6943,0.685206
0.1,gaussian,3,22.0589,0.368063
0.1,gaussian,5,23.4234,0.441464
0.1,gaussian,7,23.9745,0.518862
0.1,box,3,22.4773,0.371156
0.1,box,5,23.5895,0.48413
0.1,box,7,23.2543,0.545083
0.2,noisy,,11.7988,0.099265
0.2,median,3,27.005,0.815928
0.2,median,5,27.2202,0.78748
0.2,median,7,25.9571,0.745176
0.2,median,9,24.6385,0.709686
0.2,median,11,23.6244,0.682496
0.2,gaussian,3,18.8752,0.241494
0.2,gaussian,5,20.3111,0.308512
0.2,gaussian,7,21.1114,0.389298
0.2,box,3,19.3976,0.248769
0.2,box,5,20.9242,0.360318
0.2,box,7,21.0647,0.442864
0.3,noisy,,10.0223,0.06595
0.3,median,3,22.5786,0.686388
0.3,median,5,26.5841,0.778274
0.3,median,7,25.6119,0.740118
0.3,median,9,24.4593,0.706813
0.3,median,11,23.5485,0.681017
0.3,gaussian,3,16.7211,0.179955
0.3,gaussian,5,18.0514,0.237875
0.3,gaussian,7,18.8467,0.313403
0.3,box,3,17.2368,0.188116
0.3,box,5,18.7524,0.289302
0.3,box,7,19.0439,0.372485
0.4,noisy,,8.7501,0.04718
0.4,median,3,18.1814,0.464538
0.4,median,5,25.4186,0.757077
0.4,median,7,25.1173,0.732304
0.4,median,9,24.2102,0.701671
0.4,median,11,23.3909,0.67786
0.4,gaussian,3,15.059,0.140735
0.4,gaussian,5,16.2435,0.190768
0.4,gaussian,7,16.9537,0.259062
0.4,box,3,15.5332,0.148695
0.4,box,5,16.8994,0.238364
0.4,box,7,17.2193,0.31913
